Slug,Image,Description,Theme,Gallery Link
BS0128,,,"Germantown Bears,  High School Football,  game",Gallery Link
BS0128,,,"Germantown Bears,  High School Football,  game",Gallery Link
BS0128,,,"Germantown Bears,  High School Football,  game",Gallery Link
BS0128,,,"Germantown Bears,  High School Football,  game",Gallery Link
BS0128,,,"Germantown Bears,  High School Football,  game",Gallery Link
BS2560,,,,Gallery Link
BS2558,,,,Gallery Link
BS2557,,,,Gallery Link
BS2554,,,,Gallery Link
BS1998,,,"DC,  District of Colombia,  Government",Gallery Link
BS1997,,,"DC,  District of Colombia,  Government",Gallery Link
BS1995,,,"DC,  District of Colombia,  Government",Gallery Link
BS1994,,,"DC,  District of Colombia,  Government",Gallery Link
BS1992,,,"DC,  District of Colombia,  Government",Gallery Link
BS1990,,,"DC,  District of Colombia,  Government",Gallery Link
BS1984,,,"DC,  District of Colombia,  Government",Gallery Link
BS1977,,,"DC,  District of Colombia,  Government",Gallery Link
BS1976,,,"DC,  District of Colombia,  Government",Gallery Link
BS1975,,,"DC,  District of Colombia,  Government",Gallery Link
BS1974,,,"DC,  District of Colombia,  Government",Gallery Link
BS1974,,,"DC,  District of Colombia,  Government",Gallery Link
BS1973,,,"DC,  District of Colombia,  Government",Gallery Link
BS1971,,,"DC,  District of Colombia,  Government",Gallery Link
BS1971,,,"DC,  District of Colombia,  Government",Gallery Link
BS1971,,,"DC,  District of Colombia,  Government",Gallery Link
BS1956,,,,Gallery Link
BS1954,,,,Gallery Link
BS1953,,,,Gallery Link
BS1948,,,,Gallery Link
BS1947,,,,Gallery Link
BS1946,,,,Gallery Link
BS1931,,,,Gallery Link
BS1930,,,,Gallery Link
BS1927,,,,Gallery Link
BS1916,,No Kings Protest,,Gallery Link
BS1915,,Flag Day,"DC,  District of Colombia,  Government",Gallery Link
BS1913,,Grand Slam Track,,Gallery Link
BS1913,,Grand Slam Track,,Gallery Link
BS1913,,Grand Slam Track,"DC,  District of Colombia,  Government",Gallery Link
BS1913,,Grand Slam Track,"DC,  District of Colombia,  Government",Gallery Link
BS1912,,GIOVANNISROOM,"DC,  District of Colombia,  Government",Gallery Link
BS1911,,HHHH Science Olympiad,"DC,  District of Colombia,  Government",Gallery Link
BS1910,,Yvette Party,"DC,  District of Colombia,  Government",Gallery Link
BS1908,,Bicentennial Ceremony,,Gallery Link
BS1907,,129th Penn Relays,"DC,  District of Colombia,  Government",Gallery Link
BS1907,,129th Penn Relays,"DC,  District of Colombia,  Government",Gallery Link
BS1907,,129th Penn Relays,"DC,  District of Colombia,  Government",Gallery Link
BS1906,,Hornets at Penn Relays,"DC,  District of Colombia,  Government",Gallery Link
BS1905,,SEPTA Budget Cuts,"DC,  District of Colombia,  Government",Gallery Link
BS1904,,Port Tariffs,,Gallery Link
